{
  "project_info": {
    "project_number": "61802909268",
    "project_id": "splash-4dc50",
    "storage_bucket": "splash-4dc50.appspot.com"
  },
  "client": [
    {
      "client_info": {
        "mobilesdk_app_id": "1:61802909268:android:b7fe71e6414f88152a27c1",
        "android_client_info": {
          "package_name": "com.example.splash"
        }
      },
      "oauth_client": [
        {
          "client_id": "61802909268-rh6ev39tqnpnk40i4cor82j3acobhj1d.apps.googleusercontent.com",
          "client_type": 3
        }
      ],
      "api_key": [
        {
          "current_key": "AIzaSyCTSCfwYTXxW1IuHiB-TNhBLCIGGXqny_I"
        }
      ],
      "services": {
        "appinvite_service": {
          "other_platform_oauth_client": [
            {
              "client_id": "61802909268-rh6ev39tqnpnk40i4cor82j3acobhj1d.apps.googleusercontent.com",
              "client_type": 3
            }
          ]
        }
      }
    }
  ],
  "configuration_version": "1"
}